{
    "mse": 2.416217814584728,
    "rmse": 1.5544188028278376
}